epoch,train_loss,val_loss,val_mean_dice,class_1_dice,class_2_dice,class_3_dice
1,1.1448,0.7366,0.6884,0.7622,0.7768,0.5263
2,0.5661,0.4542,0.7708,0.8347,0.7426,0.7350
3,0.3765,0.3714,0.7699,0.8344,0.8062,0.6692
4,0.2898,0.2856,0.8500,0.8745,0.8571,0.8184
5,0.2528,0.2927,0.8304,0.8323,0.8248,0.8341
6,0.2207,0.2327,0.8678,0.8873,0.8884,0.8278
7,0.1989,0.2476,0.8862,0.8975,0.8908,0.8704
8,0.1885,0.2583,0.8832,0.8921,0.9009,0.8566
9,0.1704,0.2205,0.8717,0.9050,0.8823,0.8279
10,0.1632,0.2287,0.8940,0.9094,0.9067,0.8660
